{"_step":109,"test_loss":0.0014126767241794166,"test_acc":0.9577000000000001,"_wandb":{"runtime":30},"train_loss":0.0012730537207050528,"train_acc":0.9623999999999999,"_timestamp":1.727332951977749e+09,"_runtime":30.2773341}