{"train_acc":0.9780000000000001,"_timestamp":1.727275105040579e+09,"_runtime":30.6346469,"_step":129,"test_loss":0.001096906641584908,"test_acc":0.9682999999999999,"_wandb":{"runtime":30},"train_loss":0.0006653355785687133}