{"test_loss":0.00021841698326947702,"test_acc":0.871,"_wandb":{"runtime":71},"train_acc":0.8712000000000001,"_timestamp":1.7272796020886714e+09,"_runtime":71.1916454,"_step":129,"train_loss":0.00023626835128887728}