{"_timestamp":1.7272700266988087e+09,"_runtime":56.2616601,"_step":297,"train_loss":0.008754944878721495,"test_loss":0.011346073598344143,"test_acc":0.9481,"_wandb":{"runtime":56},"train_acc":0.9601999999999999}