{"_timestamp":1.7272674165401952e+09,"test_acc":0.09579999999999998,"test_loss":0.18737976969766945,"_wandb":{"runtime":5},"_runtime":5.1378509,"_step":16,"train_loss":0.18224532044220845,"train_acc":0.10460000000000001}