{"test_loss":0.0013394134101753633,"test_acc":0.9611000000000002,"_wandb":{"runtime":24},"train_loss":0.001068953675822175,"train_acc":0.9668000000000001,"_timestamp":1.7272706214043796e+09,"_runtime":24.2642687,"_step":129}