{"_timestamp":1.7272708975414903e+09,"_runtime":47.8590116,"_step":129,"train_loss":0.0011566236387331595,"test_loss":0.0012894343759492543,"test_acc":0.9616,"_wandb":{"runtime":47},"train_acc":0.9666000000000001}