{"test_loss":0.000688229189193737,"test_acc":0.9785,"_wandb":{"runtime":120},"_step":649,"train_loss":0.00022517285483320375,"train_acc":0.9952000000000001,"_timestamp":1.7273330909289858e+09,"_runtime":120.0555869}