{"train_loss":0.14117844873535823,"train_acc":0.10619999999999999,"_timestamp":1.7272674407155194e+09,"_wandb":{"runtime":2},"_runtime":2.5032335,"_step":4}