{"_timestamp":1.7272704884811974e+09,"_runtime":27.3935457,"_step":129,"test_loss":0.001199739193337478,"test_acc":0.9639000000000002,"_wandb":{"runtime":27},"train_loss":0.0011898732598984172,"train_acc":0.9647999999999999}