{"test_loss":6.889074030714424e-05,"test_acc":0.9575,"_wandb":{"runtime":55},"_timestamp":1.7272751878967595e+09,"_runtime":55.1379465,"_step":129,"train_loss":5.5271440178972e-05,"train_acc":0.9662000000000001}