{"train_acc":0.9801999999999998,"_timestamp":1.7272707083935049e+09,"_runtime":45.295432,"_step":129,"test_loss":0.004849473010653568,"test_acc":0.9735,"_wandb":{"runtime":45},"train_loss":0.003156516796763984}