{"train_loss":0.00020254689521904937,"train_acc":0.9986000000000002,"test_loss":0.00407233555094995,"test_acc":0.9793000000000001,"_wandb":{"runtime":226},"_timestamp":1.7273335936572964e+09,"_runtime":226.4168001,"_step":649}