{"test_loss":0.005296146652373054,"test_acc":0.9728000000000001,"_wandb":{"runtime":28},"_timestamp":1.7272705603003104e+09,"_runtime":28.1065492,"_step":129,"train_loss":0.0036570744207105746,"train_acc":0.9786}