{"test_acc":0.9233999999999999,"_wandb":{"runtime":134},"train_loss":0.00013984166770991503,"train_acc":0.9217999999999997,"_timestamp":1.7272754624330122e+09,"_runtime":134.8792802,"_step":259,"test_loss":0.00013648546733901817}