{"_step":129,"train_loss":0.00015768051644978007,"train_acc":0.9124000000000001,"_timestamp":1.727270791573835e+09,"test_loss":0.00015128108415166027,"test_acc":0.9143000000000001,"_wandb":{"runtime":58},"_runtime":58.5318065}