{"train_loss":0.0010361362325840332,"train_acc":0.9722,"test_loss":0.0011950219977476162,"test_acc":0.9646999999999999,"_wandb":{"runtime":23},"_timestamp":1.7272704555305974e+09,"_runtime":23.5785858,"_step":129}