{"test_acc":0.9652,"_wandb":{"runtime":47},"train_loss":0.001124070286539137,"train_acc":0.9677999999999998,"_timestamp":1.7272708444565086e+09,"_runtime":47.6223841,"_step":129,"test_loss":0.0012043043589929105}