{"test_acc":0.9609000000000001,"_wandb":{"runtime":31},"train_loss":0.0012235183861031538,"train_acc":0.965,"_timestamp":1.7272706584910514e+09,"_runtime":31.9578986,"_step":129,"test_loss":0.0013234437992382007}