{"_timestamp":1.727275919745039e+09,"_runtime":60.7135102,"_step":259,"test_loss":4.0902823766768776e-05,"test_acc":0.9757000000000001,"_wandb":{"runtime":60},"train_loss":4.428840070843746e-06,"train_acc":0.9952000000000001}