{"_runtime":68.712349,"_step":129,"test_loss":0.00015991368668088782,"test_acc":0.9097,"_wandb":{"runtime":68},"train_loss":0.0001845475329746336,"train_acc":0.9042,"_timestamp":1.727271023646828e+09}