{"_runtime":336.320992,"_step":649,"train_loss":1.4723402238283997e-07,"train_acc":1,"test_loss":4.166962681422943e-05,"test_acc":0.9802,"_wandb":{"runtime":336},"_timestamp":1.7273339329497228e+09}