{"_wandb":{"runtime":26},"train_loss":0.000162602735874258,"train_acc":0.9052000000000001,"_timestamp":1.7272705920063908e+09,"_runtime":26.5279141,"_step":129,"test_loss":0.0001597268887911874,"test_acc":0.9096}