{"_timestamp":1.7273333642426534e+09,"_runtime":269.2905998,"_step":649,"train_loss":0.0001926522867878045,"test_acc":0.9785,"test_loss":0.0006744544297681864,"_wandb":{"runtime":269},"train_acc":0.9958}