{"train_acc":0.9812000000000001,"_timestamp":1.7272752503515916e+09,"_runtime":31.1848237,"_step":129,"test_loss":4.7984278665084626e-05,"test_acc":0.9708,"_wandb":{"runtime":31},"train_loss":2.2875833568660688e-05}